{
  "builder_name": "csv",
  "citation": "",
  "config_name": "default",
  "dataset_name": "csv",
  "dataset_size": 11439628,
  "description": "",
  "download_checksums": {
    "/home/dhanush/dialogsum/train.csv": {
      "num_bytes": 11321474,
      "checksum": null
    }
  },
  "download_size": 11321474,
  "features": {
    "id": {
      "dtype": "string",
      "_type": "Value"
    },
    "dialogue": {
      "dtype": "string",
      "_type": "Value"
    },
    "summary": {
      "dtype": "string",
      "_type": "Value"
    },
    "topic": {
      "dtype": "string",
      "_type": "Value"
    }
  },
  "homepage": "",
  "license": "",
  "size_in_bytes": 22761102,
  "splits": {
    "train": {
      "name": "train",
      "num_bytes": 11439628,
      "num_examples": 12460,
      "dataset_name": "csv"
    }
  },
  "version": {
    "version_str": "0.0.0",
    "major": 0,
    "minor": 0,
    "patch": 0
  }
}